quarter,sector,share_of_universe,share_of_top_decile,gap
2017Q4,Financial Services,0.19956616052060738,0.10869565217391304,-0.09087050834669434
2017Q4,Healthcare,0.0911062906724512,0.10869565217391304,0.017589361501461842
2017Q4,Fast Moving Consumer Goods,0.0911062906724512,0.15217391304347827,0.06106762237102707
2017Q4,Capital Goods,0.08459869848156182,0.06521739130434782,-0.019381307177213994
2017Q4,Automobile and Auto Components,0.07809110629067245,0.0,-0.07809110629067245
2017Q4,Information Technology,0.07158351409978309,0.0,-0.07158351409978309
2017Q4,Metals & Mining,0.0650759219088937,0.15217391304347827,0.08709799113458457
2017Q4,Oil Gas & Consumable Fuels,0.052060737527114966,0.13043478260869565,0.07837404508158069
2017Q4,Power,0.0455531453362256,0.08695652173913043,0.04140337640290483
2017Q4,Chemicals,0.039045553145336226,0.0,-0.039045553145336226
2017Q4,Consumer Durables,0.03253796095444685,0.021739130434782608,-0.010798830519664245
2017Q4,Realty,0.03253796095444685,0.06521739130434782,0.03267943034990097
2017Q4,Consumer Services,0.026030368763557483,0.043478260869565216,0.017447892106007733
2017Q4,Construction Materials,0.026030368763557483,0.0,-0.026030368763557483
2017Q4,Telecommunication,0.026030368763557483,0.0,-0.026030368763557483
2017Q4,Services,0.026030368763557483,0.0,-0.026030368763557483
2017Q4,Textiles,0.006507592190889371,0.06521739130434782,0.05870979911345845
2017Q4,Construction,0.006507592190889371,0.0,-0.006507592190889371
2018Q1,Financial Services,0.20382165605095542,0.03225806451612903,-0.1715635915348264
2018Q1,Healthcare,0.09235668789808917,0.03225806451612903,-0.060098623381960134
2018Q1,Fast Moving Consumer Goods,0.08917197452229299,0.12903225806451613,0.03986028354222314
2018Q1,Capital Goods,0.08280254777070063,0.03225806451612903,-0.0505444832545716
2018Q1,Automobile and Auto Components,0.07643312101910828,0.0,-0.07643312101910828
2018Q1,Information Technology,0.07006369426751592,0.3225806451612903,0.2525169508937744
2018Q1,Metals & Mining,0.06369426751592357,0.25806451612903225,0.1943702486131087
2018Q1,Oil Gas & Consumable Fuels,0.050955414012738856,0.0,-0.050955414012738856
2018Q1,Power,0.044585987261146494,0.06451612903225806,0.01993014177111157
2018Q1,Chemicals,0.03821656050955414,0.0,-0.03821656050955414
2018Q1,Consumer Services,0.03503184713375796,0.0967741935483871,0.06174234641462913
2018Q1,Consumer Durables,0.03184713375796178,0.03225806451612903,0.00041093075816724806
2018Q1,Realty,0.03184713375796178,0.0,-0.03184713375796178
2018Q1,Construction Materials,0.025477707006369428,0.0,-0.025477707006369428
2018Q1,Services,0.025477707006369428,0.0,-0.025477707006369428
2018Q1,Telecommunication,0.025477707006369428,0.0,-0.025477707006369428
2018Q1,Construction,0.006369426751592357,0.0,-0.006369426751592357
2018Q1,Textiles,0.006369426751592357,0.0,-0.006369426751592357
2018Q2,Financial Services,0.21141649048625794,0.0,-0.21141649048625794
2018Q2,Fast Moving Consumer Goods,0.08879492600422834,0.10638297872340426,0.01758805271917592
2018Q2,Healthcare,0.08879492600422834,0.02127659574468085,-0.06751833025954748
2018Q2,Capital Goods,0.08456659619450317,0.0,-0.08456659619450317
2018Q2,Automobile and Auto Components,0.07610993657505286,0.0,-0.07610993657505286
2018Q2,Information Technology,0.06976744186046512,0.3617021276595745,0.29193468579910936
2018Q2,Metals & Mining,0.06342494714587738,0.2127659574468085,0.14934101030093114
2018Q2,Oil Gas & Consumable Fuels,0.0507399577167019,0.0,-0.0507399577167019
2018Q2,Power,0.04439746300211417,0.0,-0.04439746300211417
2018Q2,Chemicals,0.03805496828752643,0.0,-0.03805496828752643
2018Q2,Consumer Services,0.03171247357293869,0.14893617021276595,0.11722369663982726
2018Q2,Consumer Durables,0.03171247357293869,0.02127659574468085,-0.010435877828257837
2018Q2,Realty,0.03171247357293869,0.0851063829787234,0.053393909405784715
2018Q2,Telecommunication,0.02536997885835095,0.0,-0.02536997885835095
2018Q2,Services,0.02536997885835095,0.0,-0.02536997885835095
2018Q2,Construction Materials,0.02536997885835095,0.0,-0.02536997885835095
2018Q2,Textiles,0.006342494714587738,0.0425531914893617,0.03621069677477396
2018Q2,Construction,0.006342494714587738,0.0,-0.006342494714587738
2018Q3,Financial Services,0.21971252566735114,0.020833333333333332,-0.1988791923340178
2018Q3,Fast Moving Consumer Goods,0.08624229979466119,0.20833333333333334,0.12209103353867215
2018Q3,Healthcare,0.08624229979466119,0.020833333333333332,-0.06540896646132786
2018Q3,Capital Goods,0.08624229979466119,0.0,-0.08624229979466119
2018Q3,Automobile and Auto Components,0.07802874743326489,0.0,-0.07802874743326489
2018Q3,Information Technology,0.06776180698151951,0.5208333333333334,0.45307152635181386
2018Q3,Metals & Mining,0.061601642710472276,0.020833333333333332,-0.04076830937713895
2018Q3,Oil Gas & Consumable Fuels,0.049281314168377825,0.0,-0.049281314168377825
2018Q3,Power,0.043121149897330596,0.020833333333333332,-0.022287816563997264
2018Q3,Consumer Durables,0.03696098562628337,0.0,-0.03696098562628337
2018Q3,Chemicals,0.03696098562628337,0.0,-0.03696098562628337
2018Q3,Consumer Services,0.030800821355236138,0.16666666666666666,0.13586584531143053
2018Q3,Realty,0.030800821355236138,0.0,-0.030800821355236138
2018Q3,Services,0.024640657084188913,0.0,-0.024640657084188913
2018Q3,Telecommunication,0.024640657084188913,0.0,-0.024640657084188913
2018Q3,Construction Materials,0.024640657084188913,0.0,-0.024640657084188913
2018Q3,Textiles,0.006160164271047228,0.020833333333333332,0.014673169062286103
2018Q3,Construction,0.006160164271047228,0.0,-0.006160164271047228
2018Q4,Financial Services,0.22560975609756098,0.0,-0.22560975609756098
2018Q4,Fast Moving Consumer Goods,0.08536585365853659,0.04081632653061224,-0.04454952712792435
2018Q4,Healthcare,0.08536585365853659,0.02040816326530612,-0.06495769039323047
2018Q4,Capital Goods,0.08536585365853659,0.02040816326530612,-0.06495769039323047
2018Q4,Automobile and Auto Components,0.07926829268292683,0.02040816326530612,-0.05886012941762071
2018Q4,Information Technology,0.06707317073170732,0.4489795918367347,0.38190642110502737
2018Q4,Metals & Mining,0.06097560975609756,0.16326530612244897,0.10228969636635141
2018Q4,Oil Gas & Consumable Fuels,0.04878048780487805,0.0,-0.04878048780487805
2018Q4,Power,0.042682926829268296,0.08163265306122448,0.03894972623195619
2018Q4,Chemicals,0.036585365853658534,0.0,-0.036585365853658534
2018Q4,Consumer Durables,0.036585365853658534,0.0,-0.036585365853658534
2018Q4,Consumer Services,0.03048780487804878,0.14285714285714285,0.11236933797909407
2018Q4,Realty,0.03048780487804878,0.0,-0.03048780487804878
2018Q4,Services,0.024390243902439025,0.0,-0.024390243902439025
2018Q4,Telecommunication,0.024390243902439025,0.0,-0.024390243902439025
2018Q4,Construction Materials,0.024390243902439025,0.0,-0.024390243902439025
2018Q4,Construction,0.006097560975609756,0.0,-0.006097560975609756
2018Q4,Textiles,0.006097560975609756,0.061224489795918366,0.05512692882030861
2019Q1,Financial Services,0.2202020202020202,0.061224489795918366,-0.15897753040610185
2019Q1,Capital Goods,0.09696969696969697,0.061224489795918366,-0.035745207173778604
2019Q1,Fast Moving Consumer Goods,0.08484848484848485,0.061224489795918366,-0.023623995052566488
2019Q1,Healthcare,0.08484848484848485,0.0,-0.08484848484848485
2019Q1,Automobile and Auto Components,0.07676767676767676,0.02040816326530612,-0.056359513502370645
2019Q1,Information Technology,0.06666666666666667,0.40816326530612246,0.3414965986394558
2019Q1,Metals & Mining,0.06060606060606061,0.10204081632653061,0.04143475572047001
2019Q1,Oil Gas & Consumable Fuels,0.048484848484848485,0.02040816326530612,-0.028076685219542364
2019Q1,Power,0.04242424242424243,0.02040816326530612,-0.022016079158936306
2019Q1,Consumer Durables,0.03636363636363636,0.0,-0.03636363636363636
2019Q1,Chemicals,0.03636363636363636,0.04081632653061224,0.00445269016697588
2019Q1,Realty,0.030303030303030304,0.02040816326530612,-0.009894867037724183
2019Q1,Consumer Services,0.030303030303030304,0.14285714285714285,0.11255411255411255
2019Q1,Telecommunication,0.024242424242424242,0.0,-0.024242424242424242
2019Q1,Construction Materials,0.024242424242424242,0.0,-0.024242424242424242
2019Q1,Services,0.024242424242424242,0.0,-0.024242424242424242
2019Q1,Construction,0.006060606060606061,0.0,-0.006060606060606061
2019Q1,Textiles,0.006060606060606061,0.04081632653061224,0.034755720470006184
2019Q2,Financial Services,0.2215568862275449,0.1,-0.1215568862275449
2019Q2,Capital Goods,0.09580838323353294,0.06,-0.03580838323353294
2019Q2,Fast Moving Consumer Goods,0.08383233532934131,0.14,0.0561676646706587
2019Q2,Healthcare,0.08383233532934131,0.02,-0.06383233532934131
2019Q2,Automobile and Auto Components,0.07784431137724551,0.0,-0.07784431137724551
2019Q2,Information Technology,0.0658682634730539,0.34,0.2741317365269461
2019Q2,Metals & Mining,0.059880239520958084,0.0,-0.059880239520958084
2019Q2,Oil Gas & Consumable Fuels,0.04790419161676647,0.0,-0.04790419161676647
2019Q2,Power,0.04790419161676647,0.0,-0.04790419161676647
2019Q2,Chemicals,0.03592814371257485,0.06,0.02407185628742515
2019Q2,Consumer Durables,0.03592814371257485,0.06,0.02407185628742515
2019Q2,Consumer Services,0.029940119760479042,0.18,0.15005988023952094
2019Q2,Realty,0.029940119760479042,0.04,0.010059880239520959
2019Q2,Construction Materials,0.023952095808383235,0.0,-0.023952095808383235
2019Q2,Services,0.023952095808383235,0.0,-0.023952095808383235
2019Q2,Telecommunication,0.023952095808383235,0.0,-0.023952095808383235
2019Q2,Construction,0.005988023952095809,0.0,-0.005988023952095809
2019Q2,Textiles,0.005988023952095809,0.0,-0.005988023952095809
2019Q3,Financial Services,0.2261904761904762,0.02,-0.2061904761904762
2019Q3,Capital Goods,0.09325396825396826,0.06,-0.03325396825396826
2019Q3,Fast Moving Consumer Goods,0.08333333333333333,0.08,-0.003333333333333327
2019Q3,Healthcare,0.08333333333333333,0.0,-0.08333333333333333
2019Q3,Automobile and Auto Components,0.07738095238095238,0.02,-0.05738095238095238
2019Q3,Information Technology,0.06547619047619048,0.26,0.19452380952380954
2019Q3,Metals & Mining,0.05952380952380952,0.06,0.0004761904761904773
2019Q3,Oil Gas & Consumable Fuels,0.0496031746031746,0.0,-0.0496031746031746
2019Q3,Power,0.047619047619047616,0.04,-0.007619047619047616
2019Q3,Chemicals,0.03571428571428571,0.1,0.0642857142857143
2019Q3,Consumer Durables,0.03571428571428571,0.02,-0.015714285714285712
2019Q3,Realty,0.02976190476190476,0.06,0.030238095238095238
2019Q3,Consumer Services,0.02976190476190476,0.2,0.17023809523809524
2019Q3,Telecommunication,0.023809523809523808,0.0,-0.023809523809523808
2019Q3,Services,0.023809523809523808,0.02,-0.003809523809523808
2019Q3,Construction Materials,0.023809523809523808,0.0,-0.023809523809523808
2019Q3,Textiles,0.005952380952380952,0.06,0.054047619047619046
2019Q3,Construction,0.005952380952380952,0.0,-0.005952380952380952
2019Q4,Financial Services,0.22485207100591717,0.1,-0.12485207100591716
2019Q4,Capital Goods,0.09467455621301775,0.1,0.005325443786982256
2019Q4,Fast Moving Consumer Goods,0.08284023668639054,0.08,-0.0028402366863905376
2019Q4,Healthcare,0.08284023668639054,0.02,-0.06284023668639054
2019Q4,Automobile and Auto Components,0.07692307692307693,0.04,-0.036923076923076927
2019Q4,Information Technology,0.0650887573964497,0.1,0.0349112426035503
2019Q4,Metals & Mining,0.05917159763313609,0.06,0.0008284023668639062
2019Q4,Oil Gas & Consumable Fuels,0.05325443786982249,0.02,-0.03325443786982249
2019Q4,Power,0.047337278106508875,0.08,0.03266272189349113
2019Q4,Consumer Durables,0.03550295857988166,0.06,0.02449704142011834
2019Q4,Chemicals,0.03550295857988166,0.04,0.004497041420118343
2019Q4,Realty,0.029585798816568046,0.0,-0.029585798816568046
2019Q4,Consumer Services,0.029585798816568046,0.2,0.17041420118343198
2019Q4,Telecommunication,0.023668639053254437,0.02,-0.003668639053254437
2019Q4,Construction Materials,0.023668639053254437,0.0,-0.023668639053254437
2019Q4,Services,0.023668639053254437,0.02,-0.003668639053254437
2019Q4,Textiles,0.005917159763313609,0.04,0.03408284023668639
2019Q4,Construction,0.005917159763313609,0.02,0.014082840236686392
2020Q1,Financial Services,0.2222222222222222,0.09803921568627451,-0.1241830065359477
2020Q1,Capital Goods,0.09746588693957114,0.0196078431372549,-0.07785804380231624
2020Q1,Fast Moving Consumer Goods,0.08187134502923976,0.13725490196078433,0.055383556931544564
2020Q1,Healthcare,0.08187134502923976,0.0196078431372549,-0.06226350189198486
2020Q1,Automobile and Auto Components,0.07602339181286549,0.0196078431372549,-0.05641554867561059
2020Q1,Information Technology,0.0682261208576998,0.0784313725490196,0.010205251691319805
2020Q1,Metals & Mining,0.05847953216374269,0.0392156862745098,-0.019263845889232883
2020Q1,Oil Gas & Consumable Fuels,0.05263157894736842,0.058823529411764705,0.006191950464396287
2020Q1,Power,0.04678362573099415,0.1568627450980392,0.11007911936704506
2020Q1,Consumer Durables,0.03508771929824561,0.058823529411764705,0.023735810113519093
2020Q1,Chemicals,0.03508771929824561,0.0196078431372549,-0.01547987616099071
2020Q1,Consumer Services,0.029239766081871343,0.11764705882352941,0.08840729274165807
2020Q1,Realty,0.029239766081871343,0.0392156862745098,0.00997592019263846
2020Q1,Services,0.023391812865497075,0.0392156862745098,0.01582387340901273
2020Q1,Telecommunication,0.023391812865497075,0.0196078431372549,-0.003783969728242173
2020Q1,Construction Materials,0.023391812865497075,0.0784313725490196,0.05503955968352253
2020Q1,Construction,0.009746588693957114,0.0,-0.009746588693957114
2020Q1,Textiles,0.005847953216374269,0.0,-0.005847953216374269
2020Q2,Financial Services,0.2196078431372549,0.3137254901960784,0.09411764705882353
2020Q2,Capital Goods,0.09803921568627451,0.058823529411764705,-0.0392156862745098
2020Q2,Fast Moving Consumer Goods,0.08235294117647059,0.0196078431372549,-0.06274509803921569
2020Q2,Healthcare,0.0803921568627451,0.1568627450980392,0.07647058823529411
2020Q2,Automobile and Auto Components,0.07647058823529412,0.0784313725490196,0.0019607843137254832
2020Q2,Information Technology,0.07058823529411765,0.058823529411764705,-0.011764705882352941
2020Q2,Metals & Mining,0.058823529411764705,0.0196078431372549,-0.0392156862745098
2020Q2,Oil Gas & Consumable Fuels,0.052941176470588235,0.0,-0.052941176470588235
2020Q2,Power,0.047058823529411764,0.09803921568627451,0.050980392156862744
2020Q2,Chemicals,0.03529411764705882,0.0392156862745098,0.00392156862745098
2020Q2,Consumer Durables,0.03333333333333333,0.0196078431372549,-0.013725490196078431
2020Q2,Realty,0.029411764705882353,0.0,-0.029411764705882353
2020Q2,Consumer Services,0.027450980392156862,0.09803921568627451,0.07058823529411765
2020Q2,Telecommunication,0.023529411764705882,0.0392156862745098,0.01568627450980392
2020Q2,Services,0.023529411764705882,0.0,-0.023529411764705882
2020Q2,Construction Materials,0.023529411764705882,0.0,-0.023529411764705882
2020Q2,Construction,0.011764705882352941,0.0,-0.011764705882352941
2020Q2,Textiles,0.0058823529411764705,0.0,-0.0058823529411764705
2020Q3,Financial Services,0.22666666666666666,0.0,-0.22666666666666666
2020Q3,Capital Goods,0.09904761904761905,0.038461538461538464,-0.06058608058608059
2020Q3,Healthcare,0.08,0.07692307692307693,-0.0030769230769230743
2020Q3,Fast Moving Consumer Goods,0.08,0.038461538461538464,-0.04153846153846154
2020Q3,Automobile and Auto Components,0.07428571428571429,0.0,-0.07428571428571429
2020Q3,Information Technology,0.06857142857142857,0.46153846153846156,0.392967032967033
2020Q3,Metals & Mining,0.05714285714285714,0.0,-0.05714285714285714
2020Q3,Oil Gas & Consumable Fuels,0.05142857142857143,0.0,-0.05142857142857143
2020Q3,Power,0.045714285714285714,0.21153846153846154,0.16582417582417583
2020Q3,Consumer Durables,0.03619047619047619,0.038461538461538464,0.002271062271062274
2020Q3,Chemicals,0.03428571428571429,0.038461538461538464,0.004175824175824176
2020Q3,Consumer Services,0.03238095238095238,0.07692307692307693,0.04454212454212455
2020Q3,Realty,0.02857142857142857,0.0,-0.02857142857142857
2020Q3,Construction Materials,0.022857142857142857,0.0,-0.022857142857142857
2020Q3,Services,0.022857142857142857,0.0,-0.022857142857142857
2020Q3,Telecommunication,0.022857142857142857,0.019230769230769232,-0.0036263736263736253
2020Q3,Construction,0.011428571428571429,0.0,-0.011428571428571429
2020Q3,Textiles,0.005714285714285714,0.0,-0.005714285714285714
2020Q4,Financial Services,0.22413793103448276,0.019230769230769232,-0.20490716180371354
2020Q4,Capital Goods,0.09770114942528736,0.09615384615384616,-0.0015473032714412027
2020Q4,Healthcare,0.08045977011494253,0.07692307692307693,-0.0035366931918656003
2020Q4,Fast Moving Consumer Goods,0.08045977011494253,0.057692307692307696,-0.022767462422634832
2020Q4,Automobile and Auto Components,0.07471264367816093,0.0,-0.07471264367816093
2020Q4,Information Technology,0.06896551724137931,0.15384615384615385,0.08488063660477455
2020Q4,Metals & Mining,0.05747126436781609,0.07692307692307693,0.019451812555260836
2020Q4,Oil Gas & Consumable Fuels,0.05172413793103448,0.019230769230769232,-0.03249336870026525
2020Q4,Power,0.04597701149425287,0.23076923076923078,0.1847922192749779
2020Q4,Consumer Services,0.034482758620689655,0.11538461538461539,0.08090185676392574
2020Q4,Consumer Durables,0.034482758620689655,0.038461538461538464,0.003978779840848809
2020Q4,Chemicals,0.034482758620689655,0.07692307692307693,0.04244031830238727
2020Q4,Realty,0.028735632183908046,0.0,-0.028735632183908046
2020Q4,Construction Materials,0.022988505747126436,0.019230769230769232,-0.0037577365163572046
2020Q4,Telecommunication,0.022988505747126436,0.019230769230769232,-0.0037577365163572046
2020Q4,Services,0.022988505747126436,0.0,-0.022988505747126436
2020Q4,Construction,0.011494252873563218,0.0,-0.011494252873563218
2020Q4,Textiles,0.005747126436781609,0.0,-0.005747126436781609
2021Q1,Financial Services,0.2262357414448669,0.25,0.02376425855513309
2021Q1,Capital Goods,0.10076045627376426,0.15384615384615385,0.053085697572389595
2021Q1,Healthcare,0.07984790874524715,0.038461538461538464,-0.04138637028370869
2021Q1,Fast Moving Consumer Goods,0.07984790874524715,0.0,-0.07984790874524715
2021Q1,Automobile and Auto Components,0.0741444866920152,0.038461538461538464,-0.03568294823047674
2021Q1,Information Technology,0.06844106463878327,0.019230769230769232,-0.04921029540801404
2021Q1,Metals & Mining,0.057034220532319393,0.11538461538461539,0.058350394852296
2021Q1,Oil Gas & Consumable Fuels,0.051330798479087454,0.057692307692307696,0.006361509213220241
2021Q1,Power,0.045627376425855515,0.15384615384615385,0.10821877742029834
2021Q1,Consumer Services,0.034220532319391636,0.0,-0.034220532319391636
2021Q1,Consumer Durables,0.034220532319391636,0.07692307692307693,0.04270254460368529
2021Q1,Chemicals,0.034220532319391636,0.0,-0.034220532319391636
2021Q1,Realty,0.028517110266159697,0.038461538461538464,0.009944428195378767
2021Q1,Construction Materials,0.022813688212927757,0.0,-0.022813688212927757
2021Q1,Telecommunication,0.022813688212927757,0.0,-0.022813688212927757
2021Q1,Services,0.022813688212927757,0.019230769230769232,-0.0035829189821585256
2021Q1,Construction,0.011406844106463879,0.038461538461538464,0.027054694355074585
2021Q1,Textiles,0.005703422053231939,0.0,-0.005703422053231939
2021Q2,Financial Services,0.22580645161290322,0.038461538461538464,-0.18734491315136476
2021Q2,Capital Goods,0.10246679316888045,0.07692307692307693,-0.025543716245803524
2021Q2,Healthcare,0.08159392789373814,0.019230769230769232,-0.062363158662968904
2021Q2,Fast Moving Consumer Goods,0.07969639468690702,0.0,-0.07969639468690702
2021Q2,Automobile and Auto Components,0.07400379506641366,0.038461538461538464,-0.0355422566048752
2021Q2,Information Technology,0.0683111954459203,0.038461538461538464,-0.029849656984381842
2021Q2,Metals & Mining,0.056925996204933584,0.5384615384615384,0.48153554225660483
2021Q2,Oil Gas & Consumable Fuels,0.051233396584440226,0.057692307692307696,0.00645891110786747
2021Q2,Power,0.04554079696394687,0.19230769230769232,0.14676689534374546
2021Q2,Consumer Services,0.03415559772296015,0.0,-0.03415559772296015
2021Q2,Chemicals,0.03415559772296015,0.0,-0.03415559772296015
2021Q2,Consumer Durables,0.03225806451612903,0.0,-0.03225806451612903
2021Q2,Realty,0.028462998102466792,0.0,-0.028462998102466792
2021Q2,Telecommunication,0.022770398481973434,0.0,-0.022770398481973434
2021Q2,Construction Materials,0.022770398481973434,0.0,-0.022770398481973434
2021Q2,Services,0.022770398481973434,0.0,-0.022770398481973434
2021Q2,Construction,0.011385199240986717,0.0,-0.011385199240986717
2021Q2,Textiles,0.0056925996204933585,0.0,-0.0056925996204933585
2021Q3,Financial Services,0.225140712945591,0.0,-0.225140712945591
2021Q3,Capital Goods,0.1050656660412758,0.018867924528301886,-0.08619774151297392
2021Q3,Healthcare,0.08442776735459662,0.05660377358490566,-0.027823993769690955
2021Q3,Fast Moving Consumer Goods,0.07879924953095685,0.0,-0.07879924953095685
2021Q3,Automobile and Auto Components,0.07317073170731707,0.0,-0.07317073170731707
2021Q3,Information Technology,0.0675422138836773,0.20754716981132076,0.14000495592764345
2021Q3,Metals & Mining,0.05628517823639775,0.4716981132075472,0.41541293497114945
2021Q3,Oil Gas & Consumable Fuels,0.05065666041275797,0.018867924528301886,-0.03178873588445609
2021Q3,Power,0.0450281425891182,0.18867924528301888,0.1436511026939007
2021Q3,Consumer Durables,0.03377110694183865,0.0,-0.03377110694183865
2021Q3,Consumer Services,0.03377110694183865,0.0,-0.03377110694183865
2021Q3,Chemicals,0.03377110694183865,0.018867924528301886,-0.014903182413536765
2021Q3,Realty,0.028142589118198873,0.0,-0.028142589118198873
2021Q3,Telecommunication,0.0225140712945591,0.018867924528301886,-0.0036461467662572133
2021Q3,Services,0.0225140712945591,0.0,-0.0225140712945591
2021Q3,Construction Materials,0.0225140712945591,0.0,-0.0225140712945591
2021Q3,Construction,0.01125703564727955,0.0,-0.01125703564727955
2021Q3,Textiles,0.005628517823639775,0.0,-0.005628517823639775
2021Q4,Financial Services,0.22761194029850745,0.018867924528301886,-0.20874401577020557
2021Q4,Capital Goods,0.10634328358208955,0.05660377358490566,-0.04973950999718389
2021Q4,Healthcare,0.08395522388059702,0.09433962264150944,0.01038439876091242
2021Q4,Fast Moving Consumer Goods,0.07835820895522388,0.0,-0.07835820895522388
2021Q4,Automobile and Auto Components,0.07276119402985075,0.018867924528301886,-0.053893269501548866
2021Q4,Information Technology,0.06716417910447761,0.32075471698113206,0.2535905378766544
2021Q4,Metals & Mining,0.055970149253731345,0.18867924528301888,0.13270909602928754
2021Q4,Oil Gas & Consumable Fuels,0.05037313432835821,0.07547169811320754,0.025098563784849336
2021Q4,Power,0.04477611940298507,0.18867924528301888,0.14390312588003382
2021Q4,Consumer Durables,0.033582089552238806,0.0,-0.033582089552238806
2021Q4,Consumer Services,0.033582089552238806,0.018867924528301886,-0.01471416502393692
2021Q4,Chemicals,0.033582089552238806,0.0,-0.033582089552238806
2021Q4,Realty,0.027985074626865673,0.0,-0.027985074626865673
2021Q4,Construction Materials,0.022388059701492536,0.0,-0.022388059701492536
2021Q4,Telecommunication,0.022388059701492536,0.0,-0.022388059701492536
2021Q4,Services,0.022388059701492536,0.018867924528301886,-0.00352013517319065
2021Q4,Construction,0.011194029850746268,0.0,-0.011194029850746268
2021Q4,Textiles,0.005597014925373134,0.0,-0.005597014925373134
2022Q1,Financial Services,0.2390745501285347,0.0,-0.2390745501285347
2022Q1,Capital Goods,0.11053984575835475,0.05263157894736842,-0.057908266810986334
2022Q1,Healthcare,0.08226221079691516,0.0,-0.08226221079691516
2022Q1,Fast Moving Consumer Goods,0.07455012853470437,0.0,-0.07455012853470437
2022Q1,Automobile and Auto Components,0.06940874035989718,0.02631578947368421,-0.04309295088621297
2022Q1,Information Technology,0.06426735218508997,0.34210526315789475,0.27783791097280475
2022Q1,Metals & Mining,0.05141388174807198,0.18421052631578946,0.13279664456771748
2022Q1,Oil Gas & Consumable Fuels,0.04884318766066838,0.05263157894736842,0.0037883912867000408
2022Q1,Consumer Durables,0.04113110539845758,0.0,-0.04113110539845758
2022Q1,Power,0.04113110539845758,0.2631578947368421,0.22202678933838452
2022Q1,Consumer Services,0.03598971722365039,0.02631578947368421,-0.009673927749966178
2022Q1,Chemicals,0.030848329048843187,0.0,-0.030848329048843187
2022Q1,Realty,0.030848329048843187,0.0,-0.030848329048843187
2022Q1,Construction Materials,0.02056555269922879,0.0,-0.02056555269922879
2022Q1,Services,0.02056555269922879,0.02631578947368421,0.005750236774455419
2022Q1,Telecommunication,0.02056555269922879,0.0,-0.02056555269922879
2022Q1,Construction,0.012853470437017995,0.02631578947368421,0.013462319036666214
2022Q1,Textiles,0.005141388174807198,0.0,-0.005141388174807198
2022Q2,Financial Services,0.2261029411764706,0.0,-0.2261029411764706
2022Q2,Capital Goods,0.10477941176470588,0.09259259259259259,-0.012186819172113297
2022Q2,Healthcare,0.08272058823529412,0.0,-0.08272058823529412
2022Q2,Fast Moving Consumer Goods,0.07536764705882353,0.037037037037037035,-0.03833061002178649
2022Q2,Automobile and Auto Components,0.07169117647058823,0.0,-0.07169117647058823
2022Q2,Information Technology,0.0661764705882353,0.2037037037037037,0.13752723311546838
2022Q2,Metals & Mining,0.05514705882352941,0.3333333333333333,0.27818627450980393
2022Q2,Oil Gas & Consumable Fuels,0.04963235294117647,0.018518518518518517,-0.03111383442265795
2022Q2,Power,0.04411764705882353,0.2962962962962963,0.25217864923747274
2022Q2,Consumer Durables,0.03860294117647059,0.0,-0.03860294117647059
2022Q2,Consumer Services,0.03676470588235294,0.018518518518518517,-0.018246187363834425
2022Q2,Realty,0.03308823529411765,0.0,-0.03308823529411765
2022Q2,Chemicals,0.03308823529411765,0.0,-0.03308823529411765
2022Q2,Services,0.022058823529411766,0.0,-0.022058823529411766
2022Q2,Construction Materials,0.022058823529411766,0.0,-0.022058823529411766
2022Q2,Telecommunication,0.022058823529411766,0.0,-0.022058823529411766
2022Q2,Construction,0.011029411764705883,0.0,-0.011029411764705883
2022Q2,Textiles,0.0055147058823529415,0.0,-0.0055147058823529415
2022Q3,Financial Services,0.22727272727272727,0.01818181818181818,-0.20909090909090908
2022Q3,Capital Goods,0.10363636363636364,0.34545454545454546,0.24181818181818182
2022Q3,Healthcare,0.08181818181818182,0.0,-0.08181818181818182
2022Q3,Fast Moving Consumer Goods,0.07636363636363637,0.05454545454545454,-0.021818181818181827
2022Q3,Automobile and Auto Components,0.07090909090909091,0.0,-0.07090909090909091
2022Q3,Information Technology,0.06545454545454546,0.03636363636363636,-0.029090909090909098
2022Q3,Metals & Mining,0.05454545454545454,0.10909090909090909,0.05454545454545454
2022Q3,Oil Gas & Consumable Fuels,0.04909090909090909,0.01818181818181818,-0.030909090909090907
2022Q3,Power,0.04363636363636364,0.2909090909090909,0.24727272727272726
2022Q3,Consumer Services,0.04181818181818182,0.05454545454545454,0.012727272727272726
2022Q3,Consumer Durables,0.038181818181818185,0.0,-0.038181818181818185
2022Q3,Chemicals,0.03272727272727273,0.0,-0.03272727272727273
2022Q3,Realty,0.03272727272727273,0.03636363636363636,0.003636363636363632
2022Q3,Services,0.02181818181818182,0.0,-0.02181818181818182
2022Q3,Telecommunication,0.02181818181818182,0.03636363636363636,0.014545454545454542
2022Q3,Construction Materials,0.02181818181818182,0.0,-0.02181818181818182
2022Q3,Construction,0.01090909090909091,0.0,-0.01090909090909091
2022Q3,Textiles,0.005454545454545455,0.0,-0.005454545454545455
2022Q4,Financial Services,0.23104693140794225,0.18181818181818182,-0.04922874958976042
2022Q4,Capital Goods,0.10288808664259928,0.34545454545454546,0.24256645881194616
2022Q4,Healthcare,0.0812274368231047,0.0,-0.0812274368231047
2022Q4,Fast Moving Consumer Goods,0.07581227436823104,0.03636363636363636,-0.03944863800459468
2022Q4,Automobile and Auto Components,0.0703971119133574,0.01818181818181818,-0.05221529373153922
2022Q4,Information Technology,0.06498194945848375,0.0,-0.06498194945848375
2022Q4,Metals & Mining,0.05415162454873646,0.09090909090909091,0.03675746636035445
2022Q4,Oil Gas & Consumable Fuels,0.048736462093862815,0.0,-0.048736462093862815
2022Q4,Power,0.04332129963898917,0.2,0.15667870036101084
2022Q4,Consumer Services,0.04332129963898917,0.03636363636363636,-0.006957663275352806
2022Q4,Consumer Durables,0.03790613718411552,0.0,-0.03790613718411552
2022Q4,Chemicals,0.032490974729241874,0.01818181818181818,-0.014309156547423693
2022Q4,Realty,0.032490974729241874,0.0,-0.032490974729241874
2022Q4,Telecommunication,0.021660649819494584,0.0,-0.021660649819494584
2022Q4,Services,0.021660649819494584,0.03636363636363636,0.014702986544141778
2022Q4,Construction Materials,0.021660649819494584,0.0,-0.021660649819494584
2022Q4,Construction,0.010830324909747292,0.03636363636363636,0.025533311453889068
2022Q4,Textiles,0.005415162454873646,0.0,-0.005415162454873646
2023Q1,Financial Services,0.2314647377938517,0.09090909090909091,-0.1405556468847608
2023Q1,Capital Goods,0.10307414104882459,0.4727272727272727,0.36965313167844815
2023Q1,Healthcare,0.081374321880651,0.0,-0.081374321880651
2023Q1,Fast Moving Consumer Goods,0.0759493670886076,0.05454545454545454,-0.021403912543153054
2023Q1,Automobile and Auto Components,0.0705244122965642,0.03636363636363636,-0.03416077593292784
2023Q1,Information Technology,0.0650994575045208,0.03636363636363636,-0.028735821140884438
2023Q1,Metals & Mining,0.054249547920433995,0.03636363636363636,-0.017885911556797633
2023Q1,Oil Gas & Consumable Fuels,0.048824593128390596,0.01818181818181818,-0.030642774946572415
2023Q1,Power,0.0433996383363472,0.09090909090909091,0.047509452572743714
2023Q1,Consumer Services,0.04159132007233273,0.0,-0.04159132007233273
2023Q1,Consumer Durables,0.0379746835443038,0.03636363636363636,-0.0016110471806674367
2023Q1,Realty,0.0325497287522604,0.0,-0.0325497287522604
2023Q1,Chemicals,0.0325497287522604,0.0,-0.0325497287522604
2023Q1,Construction Materials,0.0216998191681736,0.01818181818181818,-0.0035180009863554178
2023Q1,Telecommunication,0.0216998191681736,0.03636363636363636,0.014663817195462763
2023Q1,Services,0.0216998191681736,0.03636363636363636,0.014663817195462763
2023Q1,Construction,0.0108499095840868,0.03636363636363636,0.025513726779549564
2023Q1,Textiles,0.0054249547920434,0.0,-0.0054249547920434
2023Q2,Financial Services,0.2318840579710145,0.10909090909090909,-0.12279314888010541
2023Q2,Capital Goods,0.10144927536231885,0.43636363636363634,0.3349143610013175
2023Q2,Healthcare,0.08152173913043478,0.01818181818181818,-0.0633399209486166
2023Q2,Fast Moving Consumer Goods,0.07608695652173914,0.03636363636363636,-0.03972332015810277
2023Q2,Automobile and Auto Components,0.07065217391304347,0.0,-0.07065217391304347
2023Q2,Information Technology,0.06340579710144928,0.0,-0.06340579710144928
2023Q2,Metals & Mining,0.05434782608695652,0.0,-0.05434782608695652
2023Q2,Oil Gas & Consumable Fuels,0.04891304347826087,0.03636363636363636,-0.01254940711462451
2023Q2,Consumer Services,0.043478260869565216,0.01818181818181818,-0.025296442687747035
2023Q2,Power,0.043478260869565216,0.18181818181818182,0.1383399209486166
2023Q2,Consumer Durables,0.03804347826086957,0.0,-0.03804347826086957
2023Q2,Realty,0.03260869565217391,0.0,-0.03260869565217391
2023Q2,Chemicals,0.03260869565217391,0.05454545454545454,0.02193675889328063
2023Q2,Construction Materials,0.021739130434782608,0.01818181818181818,-0.003557312252964427
2023Q2,Telecommunication,0.021739130434782608,0.01818181818181818,-0.003557312252964427
2023Q2,Services,0.021739130434782608,0.03636363636363636,0.014624505928853754
2023Q2,Construction,0.010869565217391304,0.03636363636363636,0.025494071146245058
2023Q2,Textiles,0.005434782608695652,0.0,-0.005434782608695652
2023Q3,Financial Services,0.23243243243243245,0.2545454545454545,0.022113022113022074
2023Q3,Capital Goods,0.10270270270270271,0.36363636363636365,0.26093366093366094
2023Q3,Healthcare,0.08108108108108109,0.0,-0.08108108108108109
2023Q3,Fast Moving Consumer Goods,0.07567567567567568,0.01818181818181818,-0.0574938574938575
2023Q3,Automobile and Auto Components,0.07027027027027027,0.05454545454545454,-0.01572481572481573
2023Q3,Information Technology,0.06486486486486487,0.0,-0.06486486486486487
2023Q3,Metals & Mining,0.05405405405405406,0.03636363636363636,-0.017690417690417695
2023Q3,Oil Gas & Consumable Fuels,0.04864864864864865,0.03636363636363636,-0.01228501228501229
2023Q3,Consumer Services,0.043243243243243246,0.01818181818181818,-0.025061425061425065
2023Q3,Power,0.043243243243243246,0.03636363636363636,-0.006879606879606884
2023Q3,Consumer Durables,0.03783783783783784,0.03636363636363636,-0.001474201474201478
2023Q3,Realty,0.032432432432432434,0.0,-0.032432432432432434
2023Q3,Chemicals,0.032432432432432434,0.0,-0.032432432432432434
2023Q3,Construction Materials,0.021621621621621623,0.0,-0.021621621621621623
2023Q3,Services,0.021621621621621623,0.03636363636363636,0.014742014742014739
2023Q3,Telecommunication,0.021621621621621623,0.03636363636363636,0.014742014742014739
2023Q3,Construction,0.010810810810810811,0.07272727272727272,0.06191646191646191
2023Q3,Textiles,0.005405405405405406,0.0,-0.005405405405405406
2023Q4,Financial Services,0.2281021897810219,0.4444444444444444,0.21634225466342252
2023Q4,Capital Goods,0.10218978102189781,0.18518518518518517,0.08299540416328736
2023Q4,Healthcare,0.08211678832116788,0.0,-0.08211678832116788
2023Q4,Fast Moving Consumer Goods,0.07664233576642336,0.0,-0.07664233576642336
2023Q4,Automobile and Auto Components,0.06934306569343066,0.0,-0.06934306569343066
2023Q4,Information Technology,0.06569343065693431,0.0,-0.06569343065693431
2023Q4,Metals & Mining,0.05474452554744526,0.037037037037037035,-0.017707488510408223
2023Q4,Oil Gas & Consumable Fuels,0.04927007299270073,0.0,-0.04927007299270073
2023Q4,Consumer Services,0.043795620437956206,0.018518518518518517,-0.02527710191943769
2023Q4,Power,0.043795620437956206,0.05555555555555555,0.011759935117599346
2023Q4,Consumer Durables,0.0364963503649635,0.037037037037037035,0.0005406866720735343
2023Q4,Realty,0.032846715328467155,0.05555555555555555,0.022708840227088398
2023Q4,Chemicals,0.032846715328467155,0.037037037037037035,0.00419032170856988
2023Q4,Services,0.021897810218978103,0.018518518518518517,-0.0033792917004595857
2023Q4,Construction Materials,0.021897810218978103,0.0,-0.021897810218978103
2023Q4,Telecommunication,0.021897810218978103,0.05555555555555555,0.03365774533657745
2023Q4,Construction,0.010948905109489052,0.05555555555555555,0.0446066504460665
2023Q4,Textiles,0.005474452554744526,0.0,-0.005474452554744526
2024Q1,Financial Services,0.2323049001814882,0.23636363636363636,0.004058736182148165
2024Q1,Capital Goods,0.10163339382940109,0.2545454545454545,0.15291206071605343
2024Q1,Healthcare,0.08166969147005444,0.0,-0.08166969147005444
2024Q1,Fast Moving Consumer Goods,0.07622504537205081,0.0,-0.07622504537205081
2024Q1,Automobile and Auto Components,0.07078039927404718,0.03636363636363636,-0.03441676291041082
2024Q1,Information Technology,0.06533575317604355,0.01818181818181818,-0.04715393499422537
2024Q1,Metals & Mining,0.0544464609800363,0.01818181818181818,-0.036264642798218116
2024Q1,Oil Gas & Consumable Fuels,0.047186932849364795,0.2,0.15281306715063522
2024Q1,Consumer Services,0.043557168784029036,0.01818181818181818,-0.025375350602210855
2024Q1,Power,0.043557168784029036,0.14545454545454545,0.1018973766705164
2024Q1,Consumer Durables,0.038112522686025406,0.01818181818181818,-0.019930704504207225
2024Q1,Chemicals,0.032667876588021776,0.0,-0.032667876588021776
2024Q1,Realty,0.032667876588021776,0.01818181818181818,-0.014486058406203595
2024Q1,Services,0.021778584392014518,0.0,-0.021778584392014518
2024Q1,Construction Materials,0.021778584392014518,0.0,-0.021778584392014518
2024Q1,Telecommunication,0.021778584392014518,0.0,-0.021778584392014518
2024Q1,Construction,0.009074410163339383,0.03636363636363636,0.02728922620029698
2024Q1,Textiles,0.0054446460980036296,0.0,-0.0054446460980036296
2024Q2,Financial Services,0.2328519855595668,0.18181818181818182,-0.05103380374138497
2024Q2,Capital Goods,0.10288808664259928,0.5272727272727272,0.42438464063012793
2024Q2,Healthcare,0.08483754512635379,0.0,-0.08483754512635379
2024Q2,Fast Moving Consumer Goods,0.07581227436823104,0.03636363636363636,-0.03944863800459468
2024Q2,Automobile and Auto Components,0.0703971119133574,0.05454545454545454,-0.01585165736790286
2024Q2,Information Technology,0.06498194945848375,0.0,-0.06498194945848375
2024Q2,Metals & Mining,0.05415162454873646,0.03636363636363636,-0.0177879881851001
2024Q2,Oil Gas & Consumable Fuels,0.048736462093862815,0.05454545454545454,0.005808992451591728
2024Q2,Power,0.04332129963898917,0.0,-0.04332129963898917
2024Q2,Consumer Durables,0.03790613718411552,0.01818181818181818,-0.01972431900229734
2024Q2,Consumer Services,0.03790613718411552,0.01818181818181818,-0.01972431900229734
2024Q2,Realty,0.032490974729241874,0.01818181818181818,-0.014309156547423693
2024Q2,Chemicals,0.032490974729241874,0.0,-0.032490974729241874
2024Q2,Telecommunication,0.021660649819494584,0.01818181818181818,-0.003478831637676403
2024Q2,Services,0.021660649819494584,0.0,-0.021660649819494584
2024Q2,Construction Materials,0.021660649819494584,0.0,-0.021660649819494584
2024Q2,Construction,0.010830324909747292,0.03636363636363636,0.025533311453889068
2024Q2,Textiles,0.005415162454873646,0.0,-0.005415162454873646
2024Q3,Financial Services,0.23674911660777384,0.21428571428571427,-0.022463402322059567
2024Q3,Capital Goods,0.10070671378091872,0.2857142857142857,0.18500757193336698
2024Q3,Healthcare,0.08657243816254417,0.03571428571428571,-0.05085815244825846
2024Q3,Fast Moving Consumer Goods,0.07420494699646643,0.0,-0.07420494699646643
2024Q3,Automobile and Auto Components,0.06890459363957598,0.017857142857142856,-0.05104745078243312
2024Q3,Information Technology,0.0636042402826855,0.0,-0.0636042402826855
2024Q3,Metals & Mining,0.053003533568904596,0.10714285714285714,0.05413932357395254
2024Q3,Oil Gas & Consumable Fuels,0.04770318021201413,0.16071428571428573,0.11301110550227159
2024Q3,Consumer Services,0.045936395759717315,0.03571428571428571,-0.010222110045431602
2024Q3,Power,0.04240282685512368,0.0,-0.04240282685512368
2024Q3,Consumer Durables,0.037102473498233215,0.017857142857142856,-0.01924533064109036
2024Q3,Realty,0.03180212014134275,0.05357142857142857,0.021769308430085815
2024Q3,Chemicals,0.03180212014134275,0.0,-0.03180212014134275
2024Q3,Telecommunication,0.02120141342756184,0.05357142857142857,0.032370015143866726
2024Q3,Services,0.02120141342756184,0.0,-0.02120141342756184
2024Q3,Construction Materials,0.02120141342756184,0.0,-0.02120141342756184
2024Q3,Construction,0.01060070671378092,0.017857142857142856,0.007256436143361937
2024Q3,Textiles,0.00530035335689046,0.0,-0.00530035335689046
2024Q4,Financial Services,0.2392857142857143,0.14285714285714285,-0.09642857142857145
2024Q4,Capital Goods,0.10178571428571428,0.5535714285714286,0.45178571428571435
2024Q4,Healthcare,0.08392857142857142,0.03571428571428571,-0.04821428571428571
2024Q4,Fast Moving Consumer Goods,0.075,0.017857142857142856,-0.05714285714285714
2024Q4,Automobile and Auto Components,0.06964285714285715,0.0,-0.06964285714285715
2024Q4,Information Technology,0.06428571428571428,0.03571428571428571,-0.028571428571428567
2024Q4,Metals & Mining,0.05357142857142857,0.07142857142857142,0.017857142857142856
2024Q4,Oil Gas & Consumable Fuels,0.048214285714285716,0.0,-0.048214285714285716
2024Q4,Power,0.04285714285714286,0.0,-0.04285714285714286
2024Q4,Consumer Services,0.039285714285714285,0.0,-0.039285714285714285
2024Q4,Consumer Durables,0.0375,0.05357142857142857,0.01607142857142857
2024Q4,Realty,0.03214285714285714,0.0,-0.03214285714285714
2024Q4,Chemicals,0.03214285714285714,0.03571428571428571,0.0035714285714285726
2024Q4,Telecommunication,0.02142857142857143,0.0,-0.02142857142857143
2024Q4,Construction Materials,0.02142857142857143,0.0,-0.02142857142857143
2024Q4,Services,0.02142857142857143,0.0,-0.02142857142857143
2024Q4,Construction,0.010714285714285714,0.05357142857142857,0.04285714285714286
2024Q4,Textiles,0.005357142857142857,0.0,-0.005357142857142857
2025Q1,Financial Services,0.23978685612788633,0.25,0.010213143872113667
2025Q1,Capital Goods,0.0994671403197158,0.26785714285714285,0.16839000253742703
2025Q1,Healthcare,0.0852575488454707,0.14285714285714285,0.05759959401167215
2025Q1,Fast Moving Consumer Goods,0.07460035523978685,0.05357142857142857,-0.021028926668358282
2025Q1,Automobile and Auto Components,0.06927175843694494,0.0,-0.06927175843694494
2025Q1,Information Technology,0.06394316163410302,0.05357142857142857,-0.01037173306267445
2025Q1,Metals & Mining,0.05328596802841918,0.0,-0.05328596802841918
2025Q1,Oil Gas & Consumable Fuels,0.047957371225577264,0.0,-0.047957371225577264
2025Q1,Consumer Services,0.04262877442273535,0.05357142857142857,0.01094265414869322
2025Q1,Power,0.04262877442273535,0.0,-0.04262877442273535
2025Q1,Consumer Durables,0.037300177619893425,0.10714285714285714,0.06984267952296372
2025Q1,Realty,0.03197158081705151,0.017857142857142856,-0.014114437959908653
2025Q1,Chemicals,0.03197158081705151,0.017857142857142856,-0.014114437959908653
2025Q1,Services,0.021314387211367674,0.0,-0.021314387211367674
2025Q1,Construction Materials,0.021314387211367674,0.0,-0.021314387211367674
2025Q1,Telecommunication,0.021314387211367674,0.03571428571428571,0.014399898502918038
2025Q1,Construction,0.010657193605683837,0.0,-0.010657193605683837
2025Q1,Textiles,0.0053285968028419185,0.0,-0.0053285968028419185
2025Q2,Financial Services,0.2357142857142857,0.32142857142857145,0.08571428571428574
2025Q2,Capital Goods,0.10357142857142858,0.35714285714285715,0.25357142857142856
2025Q2,Healthcare,0.08571428571428572,0.10714285714285714,0.021428571428571422
2025Q2,Fast Moving Consumer Goods,0.075,0.05357142857142857,-0.02142857142857143
2025Q2,Automobile and Auto Components,0.06964285714285715,0.0,-0.06964285714285715
2025Q2,Information Technology,0.06428571428571428,0.03571428571428571,-0.028571428571428567
2025Q2,Metals & Mining,0.05357142857142857,0.0,-0.05357142857142857
2025Q2,Oil Gas & Consumable Fuels,0.048214285714285716,0.017857142857142856,-0.03035714285714286
2025Q2,Consumer Services,0.04285714285714286,0.0,-0.04285714285714286
2025Q2,Power,0.04285714285714286,0.0,-0.04285714285714286
2025Q2,Consumer Durables,0.03571428571428571,0.03571428571428571,0.0
2025Q2,Chemicals,0.03214285714285714,0.0,-0.03214285714285714
2025Q2,Realty,0.030357142857142857,0.017857142857142856,-0.0125
2025Q2,Telecommunication,0.02142857142857143,0.05357142857142857,0.03214285714285714
2025Q2,Construction Materials,0.02142857142857143,0.0,-0.02142857142857143
2025Q2,Services,0.02142857142857143,0.0,-0.02142857142857143
2025Q2,Construction,0.010714285714285714,0.0,-0.010714285714285714
2025Q2,Textiles,0.005357142857142857,0.0,-0.005357142857142857
2025Q3,Financial Services,0.2382608695652174,0.2807017543859649,0.04244088482074751
2025Q3,Capital Goods,0.10782608695652174,0.17543859649122806,0.06761250953470632
2025Q3,Healthcare,0.08347826086956522,0.10526315789473684,0.021784897025171612
2025Q3,Fast Moving Consumer Goods,0.07304347826086957,0.05263157894736842,-0.020411899313501153
2025Q3,Automobile and Auto Components,0.07130434782608695,0.03508771929824561,-0.03621662852784134
2025Q3,Information Technology,0.06260869565217392,0.05263157894736842,-0.0099771167048055
2025Q3,Metals & Mining,0.05217391304347826,0.0,-0.05217391304347826
2025Q3,Oil Gas & Consumable Fuels,0.04695652173913043,0.05263157894736842,0.005675057208237987
2025Q3,Consumer Services,0.043478260869565216,0.08771929824561403,0.044241037376048814
2025Q3,Power,0.04173913043478261,0.0,-0.04173913043478261
2025Q3,Consumer Durables,0.03826086956521739,0.03508771929824561,-0.0031731502669717776
2025Q3,Realty,0.03130434782608696,0.05263157894736842,0.02132723112128146
2025Q3,Chemicals,0.03130434782608696,0.0,-0.03130434782608696
2025Q3,Services,0.020869565217391306,0.03508771929824561,0.014218154080854306
2025Q3,Construction Materials,0.020869565217391306,0.0,-0.020869565217391306
2025Q3,Telecommunication,0.020869565217391306,0.03508771929824561,0.014218154080854306
2025Q3,Construction,0.010434782608695653,0.0,-0.010434782608695653
2025Q3,Textiles,0.0052173913043478265,0.0,-0.0052173913043478265
2025Q4,Financial Services,0.2309027777777778,0.2982456140350877,0.06734283625730991
2025Q4,Capital Goods,0.109375,0.08771929824561403,-0.02165570175438597
2025Q4,Healthcare,0.08333333333333333,0.10526315789473684,0.021929824561403508
2025Q4,Automobile and Auto Components,0.07291666666666667,0.05263157894736842,-0.020285087719298253
2025Q4,Fast Moving Consumer Goods,0.07291666666666667,0.07017543859649122,-0.002741228070175447
2025Q4,Information Technology,0.0625,0.0,-0.0625
2025Q4,Consumer Services,0.052083333333333336,0.07017543859649122,0.01809210526315789
2025Q4,Metals & Mining,0.052083333333333336,0.12280701754385964,0.0707236842105263
2025Q4,Oil Gas & Consumable Fuels,0.046875,0.03508771929824561,-0.011787280701754388
2025Q4,Power,0.041666666666666664,0.0,-0.041666666666666664
2025Q4,Consumer Durables,0.034722222222222224,0.0,-0.034722222222222224
2025Q4,Realty,0.03125,0.0,-0.03125
2025Q4,Chemicals,0.03125,0.03508771929824561,0.003837719298245612
2025Q4,Construction Materials,0.020833333333333332,0.0,-0.020833333333333332
2025Q4,Telecommunication,0.020833333333333332,0.08771929824561403,0.0668859649122807
2025Q4,Services,0.020833333333333332,0.017543859649122806,-0.003289473684210526
2025Q4,Construction,0.010416666666666666,0.017543859649122806,0.00712719298245614
2025Q4,Textiles,0.005208333333333333,0.0,-0.005208333333333333
2026Q1,Financial Services,0.24349881796690306,0.2857142857142857,0.042215467747382635
2026Q1,Capital Goods,0.11347517730496454,0.19047619047619047,0.07700101317122593
2026Q1,Healthcare,0.08274231678486997,0.07142857142857142,-0.011313745356298546
2026Q1,Automobile and Auto Components,0.07092198581560284,0.0,-0.07092198581560284
2026Q1,Fast Moving Consumer Goods,0.06855791962174941,0.023809523809523808,-0.0447483958122256
2026Q1,Consumer Services,0.061465721040189124,0.0,-0.061465721040189124
2026Q1,Information Technology,0.0591016548463357,0.09523809523809523,0.03613644039175953
2026Q1,Metals & Mining,0.04728132387706856,0.16666666666666666,0.1193853427895981
2026Q1,Oil Gas & Consumable Fuels,0.04491725768321513,0.0,-0.04491725768321513
2026Q1,Consumer Durables,0.037825059101654845,0.07142857142857142,0.03360351232691658
2026Q1,Power,0.037825059101654845,0.0,-0.037825059101654845
2026Q1,Realty,0.030732860520094562,0.023809523809523808,-0.006923336710570754
2026Q1,Chemicals,0.028368794326241134,0.0,-0.028368794326241134
2026Q1,Construction Materials,0.018912529550827423,0.0,-0.018912529550827423
2026Q1,Telecommunication,0.018912529550827423,0.07142857142857142,0.052516041877744
2026Q1,Services,0.018912529550827423,0.0,-0.018912529550827423
2026Q1,Construction,0.01182033096926714,0.0,-0.01182033096926714
2026Q1,Textiles,0.004728132387706856,0.0,-0.004728132387706856
2026Q2,Financial Services,0.22727272727272727,0.2909090909090909,0.06363636363636363
2026Q2,Capital Goods,0.10909090909090909,0.10909090909090909,0.0
2026Q2,Healthcare,0.08181818181818182,0.01818181818181818,-0.06363636363636363
2026Q2,Fast Moving Consumer Goods,0.07454545454545454,0.07272727272727272,-0.001818181818181816
2026Q2,Automobile and Auto Components,0.07272727272727272,0.05454545454545454,-0.01818181818181818
2026Q2,Information Technology,0.06363636363636363,0.10909090909090909,0.045454545454545456
2026Q2,Metals & Mining,0.05454545454545454,0.2,0.14545454545454548
2026Q2,Oil Gas & Consumable Fuels,0.04727272727272727,0.01818181818181818,-0.02909090909090909
2026Q2,Power,0.04363636363636364,0.03636363636363636,-0.007272727272727278
2026Q2,Consumer Services,0.04363636363636364,0.01818181818181818,-0.02545454545454546
2026Q2,Consumer Durables,0.03636363636363636,0.0,-0.03636363636363636
2026Q2,Chemicals,0.03272727272727273,0.0,-0.03272727272727273
2026Q2,Realty,0.03272727272727273,0.01818181818181818,-0.014545454545454549
2026Q2,Telecommunication,0.02181818181818182,0.03636363636363636,0.014545454545454542
2026Q2,Construction Materials,0.02181818181818182,0.01818181818181818,-0.003636363636363639
2026Q2,Services,0.02181818181818182,0.0,-0.02181818181818182
2026Q2,Construction,0.00909090909090909,0.0,-0.00909090909090909
2026Q2,Textiles,0.005454545454545455,0.0,-0.005454545454545455
