window_quarters,quarter,train_rows,test_rows,rank_ic,p_value,decile_spread
4,2017Q4,1868,1406,0.20788089785358543,3.4326117828544045e-15,0.07437671238099292
4,2018Q1,3274,1411,-0.061535937557087216,0.02079786283119842,-0.022172945406010128
4,2018Q2,4685,1413,0.11820676062611106,8.386413550663993e-06,0.08436751350646116
4,2018Q3,5633,1413,-0.14624666996768865,3.3469148268160686e-08,-0.0672429670417132
4,2018Q4,5643,1416,0.09318404369850151,0.0004463578581338546,0.06227638288806794
4,2019Q1,5653,950,0.03578672355124368,0.2704957380316971,0.04235707161008544
4,2019Q2,5192,1418,0.1620495508923909,8.38727705051305e-10,0.07181507388933916
4,2019Q3,5197,1886,-0.03267063069493041,0.15611446151222008,0.02137199655170422
4,2019Q4,5670,1424,0.08079044531552962,0.0022807050590665564,0.07317098488704854
4,2020Q1,5678,1435,0.14843521095073,1.6105099769109264e-08,0.07833787503203407
4,2020Q2,6163,1440,0.17408150085335178,2.9103618342788415e-11,0.12352931839224698
4,2020Q3,6185,1443,0.09127504182886831,0.0005175706568553527,0.05171885802962939
4,2020Q4,5742,1443,0.13013653295437513,7.038481133345773e-07,0.03776645747834792
4,2021Q1,5761,1449,0.055473228372935134,0.03473514115550955,0.040785202327975
4,2021Q2,5775,1449,-0.08427617346608189,0.0013228342175375224,0.006466976259966641
4,2021Q3,5784,1454,0.11086900378218688,2.2650884649955055e-05,0.06192132270425094
4,2021Q4,5795,1460,0.022019235450225338,0.40049634597904044,-0.0014604542577220103
4,2022Q1,5812,1467,0.0986850483712004,0.00015321412380284538,0.09983024749052219
4,2022Q2,5830,1469,-0.06712974590477051,0.010063754775544265,-0.019665725383914902
4,2022Q3,5850,1470,0.03737827949489382,0.15203329222082765,0.03753731608600737
4,2022Q4,5866,1472,-0.2984265297592591,1.1639885745802581e-31,-0.11699721534262453
4,2023Q1,5878,1473,-0.03243703363336181,0.21342833068818012,-0.019813631165334064
4,2023Q2,5884,1006,0.18313455131980383,4.889224642173968e-09,0.18156271120562867
4,2023Q3,5421,1473,0.05794244835213307,0.02616235415619325,0.04125292670029586
4,2023Q4,5424,1476,0.21961868110917984,1.4048226079861192e-17,0.15773192847358794
4,2024Q1,5428,1472,0.17730191440209975,7.331006739868874e-12,0.1483636891000531
4,2024Q2,5427,1479,-0.010092585410880829,0.698149224035204,-0.015472796567092462
4,2024Q3,5900,1486,0.234649732647939,4.904817577992612e-20,0.1282210948119762
4,2024Q4,5913,1484,0.15249768516490528,3.542765605202781e-09,0.13079062267341063
4,2025Q1,5921,1479,0.151966652395938,4.266870735766621e-09,0.09371010840801319
4,2025Q2,5928,1487,0.30121862695015755,1.4546191199073362e-32,0.25373018061195635
4,2025Q3,5936,1489,-0.05416418141593381,0.03663193597241548,-0.003081793281426985
4,2025Q4,5939,1493,0.11456667404350906,9.092785800358011e-06,0.0862187113360523
4,2026Q1,5948,1486,0.3229367363804749,2.0580505456979537e-37,0.3105654583525571
4,2026Q2,5955,1476,0.12383209429104548,1.8256874201456927e-06,0.17641695344739267
6,2017Q4,1868,1406,0.20788089785358543,3.4326117828544045e-15,0.07437671238099292
6,2018Q1,3274,1411,-0.061535937557087216,0.02079786283119842,-0.022172945406010128
6,2018Q2,4685,1413,0.11820676062611106,8.386413550663993e-06,0.08436751350646116
6,2018Q3,6098,1413,-0.18445772078913703,2.7952473973922137e-12,-0.07078266219362318
6,2018Q4,7511,1416,0.12279005992094426,3.5861918138969472e-06,0.06479860574817142
6,2019Q1,8462,950,0.00802247522210671,0.8049486881151223,0.021924706300088033
6,2019Q2,8009,1418,0.05817430710732042,0.02848401463120649,0.03124057439093368
6,2019Q3,8021,1886,-0.03852120406176155,0.0944426402078932,0.009462358481976848
6,2019Q4,8496,1424,0.11946929205823767,6.168673520682386e-06,0.09314134869766547
6,2020Q1,8507,1435,0.19934375961422585,2.508313995582572e-14,0.1556753127598428
6,2020Q2,8529,1440,0.18508394797063357,1.4563425681369155e-12,0.141050011339484
6,2020Q3,8553,1443,0.0509553047565662,0.052964435314839714,0.06477593115154423
6,2020Q4,9046,1443,0.16501484928607693,2.858982652643762e-10,0.03863558960874734
6,2021Q1,9071,1449,0.05585155741737919,0.03351532431541818,0.03288553236237008
6,2021Q2,8634,1449,-0.021216130502390188,0.41966567063730914,-0.009585191831562662
6,2021Q3,8659,1454,0.10556547820137219,5.5030304958216747e-05,0.08017964865940248
6,2021Q4,8678,1460,-0.042004846545109914,0.10863993814386763,-0.004461937430303119
6,2022Q1,8698,1467,-0.0682717255496319,0.008903733143310746,0.028851019903181164
6,2022Q2,8722,1469,-0.08655318067468938,0.0008976640247238824,-0.02527177630923292
6,2022Q3,8748,1470,0.09132100847480147,0.0004554954409764386,0.06361963536569028
6,2022Q4,8769,1472,-0.2522136579840803,8.557237994847908e-23,-0.10955937153915543
6,2023Q1,8792,1473,-0.08314847670684854,0.001402990720336571,-0.03278062404680866
6,2023Q2,8811,1006,0.1256099458399075,6.47180384239308e-05,0.16804299767441688
6,2023Q3,8357,1473,0.05847974721262822,0.024803482890540313,0.04032336287141626
6,2023Q4,8363,1476,0.25916873856873784,4.415942179889771e-24,0.1626701456592536
6,2024Q1,8370,1472,0.15078440747839078,6.119985387327815e-09,0.1438686076696518
6,2024Q2,8372,1479,-0.0009252825443430965,0.9716378094404734,0.01165090808789892
6,2024Q3,8379,1486,0.23117348756108855,1.7729835346956285e-19,0.162290713178119
6,2024Q4,8392,1484,0.17619021872692386,8.192238537975945e-12,0.13293983553312988
6,2025Q1,8870,1479,0.12554035421005288,1.278342628428332e-06,0.06510330803296556
6,2025Q2,8876,1487,0.3583453314532739,2.7610211788869514e-46,0.26108116535841136
6,2025Q3,8887,1489,-0.061003879389785146,0.018562276282318105,-0.015470221825267368
6,2025Q4,8904,1493,0.03242014863012921,0.21057947628037943,0.007814313472344639
6,2026Q1,8918,1486,0.32358033095201555,1.4550258592546042e-37,0.3371791628700703
6,2026Q2,8918,1476,0.08579919889062936,0.0009682588764038023,0.13478398387206583
8,2017Q4,1868,1406,0.20788089785358543,3.4326117828544045e-15,0.07437671238099292
8,2018Q1,3274,1411,-0.061535937557087216,0.02079786283119842,-0.022172945406010128
8,2018Q2,4685,1413,0.11820676062611106,8.386413550663993e-06,0.08436751350646116
8,2018Q3,6098,1413,-0.18445772078913703,2.7952473973922137e-12,-0.07078266219362318
8,2018Q4,7511,1416,0.12279005992094426,3.5861918138969472e-06,0.06479860574817142
8,2019Q1,8927,950,0.002196861489979692,0.9460859435579887,0.01936535459772335
8,2019Q2,9877,1418,0.08248507239679537,0.0018794721816690649,0.05012852716698982
8,2019Q3,10830,1886,0.026459975843643034,0.2507433319373309,0.055359153495990035
8,2019Q4,11313,1424,0.0811687774878863,0.0021741685208464495,0.08376277706063545
8,2020Q1,11331,1435,0.2283287068686179,1.990806901624585e-18,0.21373816582070015
8,2020Q2,11355,1440,0.13883824132232847,1.2258241731849006e-07,0.1080219655952723
8,2020Q3,11382,1443,0.02590617541369951,0.3254076761126834,0.06919352196245628
8,2020Q4,11412,1443,0.1325630214640419,4.335495054274893e-07,0.05726683221149677
8,2021Q1,11439,1449,0.049243174921689635,0.06093086990796646,0.028924671525631617
8,2021Q2,11938,1449,-0.012014835313437763,0.6476887970683407,0.016260767083307107
8,2021Q3,11969,1454,0.07024285702068198,0.007374065097373282,0.0316866989095652
8,2021Q4,11537,1460,-0.21154246514110916,3.116820840167157e-16,-0.07716200029700626
8,2022Q1,11573,1467,-0.07625286762101534,0.003473894657764548,0.036446957609718424
8,2022Q2,11605,1469,-0.0773557642047822,0.003009379277816053,-0.021788194383034372
8,2022Q3,11634,1470,0.143938533836181,2.9753852389099135e-08,0.07994504829757487
8,2022Q4,11661,1472,-0.1528776307252355,3.744447059214345e-09,-0.07648476928881741
8,2023Q1,11690,1473,-0.10969980471718162,2.4494345576251872e-05,-0.052931146864226064
8,2023Q2,11714,1006,0.09274240632914722,0.0032374055987581256,0.14635194852414507
8,2023Q3,11271,1473,0.06251309140430077,0.016415557564370572,0.05190683520885865
8,2023Q4,11290,1476,0.1317213054634856,3.8058264182474093e-07,0.06612575314984187
8,2024Q1,11306,1472,0.15673433629248945,1.4879596916079473e-09,0.16580400974474258
8,2024Q2,11311,1479,-0.023587951940026195,0.3646717167996276,-0.015417579890388044
8,2024Q3,11321,1486,0.24838997144501515,2.483503413803673e-22,0.168766150356116
8,2024Q4,11337,1484,0.12149242962730206,2.683449231355051e-06,0.10990354332957658
8,2025Q1,11349,1479,0.11315995912756209,1.2875040437919587e-05,0.07774095658057381
8,2025Q2,11355,1487,0.3719573218729483,5.321770012655205e-50,0.2846938388798798
8,2025Q3,11836,1489,-0.05215400463027858,0.04420146460562915,-0.001986212174148813
8,2025Q4,11852,1493,-0.0019248318519075557,0.9407620945688165,-0.032783412064007686
8,2026Q1,11869,1486,0.3023400835284511,8.749538527284575e-33,0.3501038592009372
8,2026Q2,11883,1476,0.09590538341123357,0.0002242971184790273,0.13927134553612322
10,2017Q4,1868,1406,0.20788089785358543,3.4326117828544045e-15,0.07437671238099292
10,2018Q1,3274,1411,-0.061535937557087216,0.02079786283119842,-0.022172945406010128
10,2018Q2,4685,1413,0.11820676062611106,8.386413550663993e-06,0.08436751350646116
10,2018Q3,6098,1413,-0.18445772078913703,2.7952473973922137e-12,-0.07078266219362318
10,2018Q4,7511,1416,0.12279005992094426,3.5861918138969472e-06,0.06479860574817142
10,2019Q1,8927,950,0.002196861489979692,0.9460859435579887,0.01936535459772335
10,2019Q2,9877,1418,0.08248507239679537,0.0018794721816690649,0.05012852716698982
10,2019Q3,11295,1886,0.034032522587839446,0.13956417716800956,0.026166335257294275
10,2019Q4,13181,1424,0.08075225968769686,0.0022917191856574107,0.09155402056550827
10,2020Q1,14140,1435,0.23542214714469453,1.6005166907893574e-19,0.2064647022439885
10,2020Q2,14172,1440,0.16320343191397346,4.677239429274335e-10,0.10057329079403643
10,2020Q3,14206,1443,0.003969869941307385,0.8802338921370774,0.057596908238977174
10,2020Q4,14238,1443,0.1369838308981397,1.7536811872237483e-07,0.07069698162988616
10,2021Q1,14268,1449,0.06604729672113457,0.011912859887621339,0.029369138195912886
10,2021Q2,14304,1449,-0.04274345551929302,0.10386457309666709,-0.008817376197114805
10,2021Q3,14337,1454,0.08148382320127392,0.0018734842269953534,0.035661500399658784
10,2021Q4,14841,1460,-0.15440408746835785,3.0235345776700518e-09,-0.06751168115429085
10,2022Q1,14883,1467,-0.16290316066323013,3.472301480426257e-10,-0.023749995245690037
10,2022Q2,14464,1469,-0.03096324046187984,0.2356148557772265,-0.022586246264968073
10,2022Q3,14509,1470,0.10509561990320539,5.409670381449309e-05,0.10241532563908105
10,2022Q4,14544,1472,-0.07334191626511095,0.004873393258307078,-0.04492036133724888
10,2023Q1,14576,1473,-0.08783565670984529,0.0007387822098880022,-0.024904622197290234
10,2023Q2,14606,1006,0.1728539330899006,3.4432721445900367e-08,0.19011587889825596
10,2023Q3,14169,1473,0.02714312117346645,0.29785151497383805,0.045694453786540794
10,2023Q4,14193,1476,0.13857546677622837,9.032079494681682e-08,0.051393899924325664
10,2024Q1,14220,1472,0.2149737636757233,7.524368500577948e-17,0.1643752275457383
10,2024Q2,14238,1479,-0.04164779154244967,0.10937213842338445,-0.03969059019955502
10,2024Q3,14257,1486,0.22987867455515695,2.846139892145882e-19,0.1797116921048138
10,2024Q4,14276,1484,0.09500077871206265,0.00024743908027819383,0.11304088339659316
10,2025Q1,14291,1479,0.08895912617553679,0.000614642608591401,0.07298995844719058
10,2025Q2,14300,1487,0.38543905339625933,7.354198248779837e-54,0.2796134594579964
10,2025Q3,14315,1489,0.001718700021834363,0.947167009473489,0.027439344328076636
10,2025Q4,14331,1493,0.002784361613951194,0.9143954635535249,0.041913324437108324
10,2026Q1,14818,1486,0.27362427634965963,6.2780116842834435e-27,0.3612927821650551
10,2026Q2,14831,1476,0.11826380505866958,5.221305033097919e-06,0.13644058259372766
12,2017Q4,1868,1406,0.20788089785358543,3.4326117828544045e-15,0.07437671238099292
12,2018Q1,3274,1411,-0.061535937557087216,0.02079786283119842,-0.022172945406010128
12,2018Q2,4685,1413,0.11820676062611106,8.386413550663993e-06,0.08436751350646116
12,2018Q3,6098,1413,-0.18445772078913703,2.7952473973922137e-12,-0.07078266219362318
12,2018Q4,7511,1416,0.12279005992094426,3.5861918138969472e-06,0.06479860574817142
12,2019Q1,8927,950,0.002196861489979692,0.9460859435579887,0.01936535459772335
12,2019Q2,9877,1418,0.08248507239679537,0.0018794721816690649,0.05012852716698982
12,2019Q3,11295,1886,0.034032522587839446,0.13956417716800956,0.026166335257294275
12,2019Q4,13181,1424,0.08075225968769686,0.0022917191856574107,0.09155402056550827
12,2020Q1,14605,1435,0.23565328346835937,1.4722204719168653e-19,0.21864627987541826
12,2020Q2,16040,1440,0.1440569236878175,4.008203301350707e-08,0.11294873581067191
12,2020Q3,17015,1443,0.06023373439563026,0.022126800307330646,0.08223849619699307
12,2020Q4,17055,1443,0.17406687826038297,2.7870426695983832e-11,0.06440143237286881
12,2021Q1,17092,1449,0.04223131772365585,0.10807727368333145,0.03453046765805057
12,2021Q2,17130,1449,-0.10012774926840891,0.00013467741088872654,-0.01974751586904201
12,2021Q3,17166,1454,0.05632344033207134,0.03174978429622942,0.04391611323205159
12,2021Q4,17207,1460,-0.16998206043649447,6.27358043442175e-11,-0.0912783990778962
12,2022Q1,17251,1467,-0.16657118307327468,1.3683634830441464e-10,-0.017348849738744485
12,2022Q2,17768,1469,-0.042521959939687264,0.10328942994773437,-0.011729139633593882
12,2022Q3,17819,1470,0.059113302679220964,0.023421252738860227,0.039122067484275706
12,2022Q4,17403,1472,-0.06019748486206801,0.02090428573751289,-0.02978278668679953
12,2023Q1,17451,1473,-0.03989429937989787,0.12590786582847435,-0.01604546568600579
12,2023Q2,17489,1006,0.1871206611388676,2.2242449455184915e-09,0.20551127153527426
12,2023Q3,17055,1473,0.020877318381932602,0.42332162630707465,0.02684725490022995
12,2023Q4,17085,1476,0.15506560412082904,2.1160778312366644e-09,0.11349704410309942
12,2024Q1,17118,1472,0.17936427481706468,4.1478544092257656e-12,0.13445493842799616
12,2024Q2,17141,1479,-0.0036072565327868013,0.8897581853587413,-0.008867336851294882
12,2024Q3,17171,1486,0.2506156782057146,1.0223768641565609e-22,0.16478409800594918
12,2024Q4,17203,1484,0.12826976522215972,7.13588172624034e-07,0.11578418471135332
12,2025Q1,17227,1479,0.08459287875312006,0.0011285816871490313,0.0683142664330159
12,2025Q2,17239,1487,0.36983357694064617,2.077543182489677e-49,0.2888294278676546
12,2025Q3,17257,1489,0.007413176832887088,0.7750158977508345,0.015006681579805923
12,2025Q4,17276,1493,-0.013651169011190435,0.5981552735954827,-0.01764304954823878
12,2026Q1,17297,1486,0.2500275888689659,1.2936884556612323e-22,0.3696400546083852
12,2026Q2,17310,1476,0.1082989384918009,3.053320521201476e-05,0.14666376893705793
